Rank,Country Code,Gold Medal,Silver Medal,Bronze Medal,Total,Country,ID,Medals,Population,Ranking,GDP
,,,,,,Afghanistan,,,,135.0,14583
,,,,,,Albania,,,,122.0,18882
,,,,,,Algeria,,,,56.0,191913
,,,,,,American Samoa,,,,200.0,709
,,,,,,Andorra,,,,173.0,3352
,,,,,,Angola,,,,68.0,106714
,,,,,,Antigua and Barbuda,,,,187.0,1758
72.0,ARG,0.0,1.0,2.0,3.0,Argentina,76.0,3.0,45195774.0,22.0,632770
69.0,ARM,0.0,2.0,2.0,4.0,Armenia,18.0,4.0,2963243.0,119.0,19503
,,,,,,Aruba,,,,176.0,3126
6.0,AUS,17.0,7.0,22.0,46.0,Australia,14.0,46.0,25499884.0,12.0,1675419
53.0,AUT,1.0,1.0,5.0,7.0,Austria,31.0,7.0,9006398.0,33.0,471400
67.0,AZE,0.0,3.0,4.0,7.0,Azerbaijan,34.0,7.0,10139177.0,73.0,78721
42.0,BAH,2.0,0.0,0.0,2.0,Bahamas,4.0,2.0,393244.0,,
77.0,BRN,0.0,1.0,0.0,1.0,Bahrain,38.0,1.0,1701575.0,94.0,44391
,,,,,,Bangladesh,,,,35.0,460201
,,,,,,Barbados,,,,164.0,5638
45.0,BLR,1.0,3.0,3.0,7.0,Belarus,32.0,7.0,9449323.0,78.0,72793
29.0,BEL,3.0,1.0,3.0,7.0,Belgium,37.0,7.0,11589623.0,25.0,578604
,,,,,,Belize,,,,178.0,2824
,,,,,,Benin,,,,126.0,17402
63.0,BER,1.0,0.0,0.0,1.0,Bermuda,2.0,0.0,63918.0,156.0,7551
,,,,,,Bhutan,,,,181.0,2540
,,,,,,Bolivia,,,,96.0,43069
,,,,,,Bosnia and Herzegovina,,,,111.0,24528
86.0,BOT,0.0,0.0,1.0,1.0,Botswana,50.0,1.0,2351627.0,117.0,20352
12.0,BRA,7.0,6.0,8.0,21.0,Brazil,72.0,21.0,212559417.0,11.0,1920096
,,,,,,Brunei Darussalam,,,,129.0,16682
30.0,BUL,3.0,1.0,2.0,6.0,Bulgaria,28.0,6.0,6948445.0,70.0,89040
87.0,BUR,0.0,0.0,1.0,1.0,Burkina Faso,82.0,1.0,20903273.0,121.0,18885
,,,,,,Burundi,,,,177.0,3073
,,,,,,Cabo Verde,,,,183.0,2315
,,,,,,Cambodia,,,,104.0,29957
,,,,,,Cameroon,,,,95.0,44342
11.0,CAN,7.0,6.0,11.0,24.0,Canada,36.0,24.0,37742154.0,9.0,2139840
,,,,,,Cayman Islands,,,,163.0,6028
,,,,,,Central African Republic,,,,182.0,2383
,,,,,,Chad,,,,143.0,12704
,,,,,,Channel Islands,,,,146.0,11736
,,,,,,Chile,,,,46.0,301025
,,,,,,China,78.0,88.0,1439323776.0,2.0,17963171
34.0,TPE,2.0,4.0,6.0,12.0,Chinese Taipei,,,,,
66.0,COL,0.0,4.0,1.0,5.0,Colombia,73.0,5.0,50882891.0,44.0,343939
,,,,,,Comoros,,,,193.0,1243
,,,,,,Congo Dem. Rep.,,,,87.0,58066
,,,,,,Congo Rep.,,,,134.0,14616
,,,,,,Costa Rica,,,,83.0,68381
26.0,CRO,3.0,3.0,2.0,8.0,Croatia,12.0,8.0,4105267.0,80.0,70965
14.0,CUB,7.0,3.0,5.0,15.0,Cuba,19.0,15.0,11326616.0,26.0,545218
,,,,,,Curaçao,,,,179.0,2700
,,,,,,Cyprus,,,,106.0,28439
18.0,CZE,4.0,4.0,3.0,11.0,Czech Republic,23.0,10.0,11105512.0,47.0,290924
88.0,CIV,0.0,0.0,1.0,1.0,Côte d'Ivoire,83.0,1.0,26378274.0,,
,,,,,,Côted 'Ivoire,,,,82.0,70019
25.0,DEN,3.0,4.0,4.0,11.0,Denmark,13.0,11.0,5792202.0,40.0,395404
,,,,,,Djibouti,,,,172.0,3515
,,,,,,Dominica,,,,201.0,612
68.0,DOM,0.0,3.0,2.0,5.0,Dominican Republic,44.0,5.0,10847910.0,65.0,113642
38.0,ECU,2.0,1.0,0.0,3.0,Ecuador,66.0,3.0,17643054.0,63.0,115049
54.0,EGY,1.0,1.0,4.0,6.0,Egypt,79.0,6.0,102334404.0,32.0,476748
,,,,,,El Salvador,,,,101.0,32489
,,,,,,Equatorial Guinea,,,,145.0,11814
,,,,,,Eritrea,,,,210.0,-
59.0,EST,1.0,0.0,1.0,2.0,Estonia,15.0,2.0,1326535.0,100.0,38101
,,,,,,Eswatini,,,,166.0,4854
56.0,ETH,1.0,1.0,2.0,4.0,Ethiopia,85.0,4.0,114963588.0,61.0,126783
,,,,,,Faroe Islands,,,,170.0,3650
60.0,FIJ,1.0,0.0,1.0,2.0,Fiji,8.0,2.0,896445.0,165.0,4943
85.0,FIN,0.0,0.0,2.0,2.0,Finland,58.0,2.0,5540720.0,48.0,280826
8.0,FRA,10.0,12.0,11.0,33.0,France,40.0,33.0,65273511.0,7.0,2782905
,,,,,,French Polynesia,,,,162.0,6080
,,,,,,Gabon,,,,115.0,21072
,,,,,,Gambia The,,,,184.0,2273
33.0,GEO,2.0,5.0,1.0,8.0,Georgia,11.0,8.0,3989167.0,110.0,24605
9.0,GER,10.0,11.0,16.0,37.0,Germany,47.0,37.0,83783942.0,4.0,4072192
89.0,GHA,0.0,0.0,1.0,1.0,Ghana,86.0,1.0,31072940.0,77.0,72839
,,,,,,Gibraltar,,,,211.0,-
4.0,GBR,22.0,21.0,22.0,65.0,Great Britain,26.0,65.0,65138232.0,,
36.0,GRE,2.0,1.0,1.0,4.0,Greece,54.0,4.0,10423054.0,55.0,219066
,,,,,,Greenland,,,,174.0,3236
90.0,GRN,0.0,0.0,1.0,1.0,Grenada,3.0,1.0,112523.0,192.0,1256
,,,,,,Guam,,,,160.0,6123
,,,,,,Guatemala,,,,69.0,95003
,,,,,,Guinea,,,,114.0,21228
,,,,,,Guinea-Bissau,,,,188.0,1634
,,,,,,Guyana,,,,132.0,15358
,,,,,,Haiti,,,,118.0,20254
,,,,,,Honduras,,,,102.0,31718
,,,,,,Hong Kong,30.0,6.0,7496981.0,,
,,,,,,Hong Kong Sar China,,,,43.0,359839
49.0,HKG,1.0,2.0,3.0,6.0,"Hong Kong, China",,,,,
15.0,HUN,6.0,7.0,7.0,20.0,Hungary,10.0,20.0,9660351.0,58.0,178789
,,,,,,Iceland,,,,108.0,27842
48.0,IND,1.0,2.0,4.0,7.0,India,93.0,7.0,1380004385.0,5.0,3385090
55.0,INA,1.0,1.0,3.0,5.0,Indonesia,91.0,5.0,273523615.0,16.0,1319100
,,,,,,Iran,75.0,7.0,83992949.0,,
,,,,,,Iran Islamic Rep,,,,41.0,388544
,,,,,,Iraq,,,,49.0,264182
39.0,IRL,2.0,0.0,2.0,4.0,Ireland,29.0,4.0,4937786.0,27.0,529245
27.0,IRI,3.0,2.0,2.0,7.0,Islamic Republic of Iran,,,,,
,,,,,,Isle of Man,,,,158.0,6684
40.0,ISR,2.0,0.0,2.0,4.0,Israel,43.0,4.0,8655535.0,28.0,522033
10.0,ITA,10.0,10.0,20.0,40.0,Italy,35.0,40.0,60461826.0,10.0,2010432
21.0,JAM,4.0,1.0,4.0,9.0,Jamaica,6.0,9.0,2961167.0,127.0,17098
3.0,JPN,27.0,14.0,17.0,58.0,Japan,46.0,58.0,126476461.0,3.0,4231141
74.0,JOR,0.0,1.0,1.0,2.0,Jordan,64.0,2.0,10203134.0,89.0,47451
83.0,KAZ,0.0,0.0,8.0,8.0,Kazakhstan,49.0,8.0,18776707.0,54.0,220623
19.0,KEN,4.0,4.0,2.0,10.0,Kenya,65.0,10.0,53771296.0,67.0,113420
,,,,,,Kiribati,,,,206.0,223
,,,,,,Korean Dem. People's Rep.,,,,212.0,-
43.0,KOS,2.0,0.0,0.0,2.0,Kosovo,21.0,2.0,1859203.0,152.0,9429
91.0,KUW,0.0,0.0,1.0,1.0,Kuwait,62.0,1.0,4270571.0,57.0,184558
,,,,,,Kyrgyz Republic,,,,148.0,10931
70.0,KGZ,0.0,2.0,1.0,3.0,Kyrgyzstan,45.0,3.0,6524195.0,,
,,,,,,Lao PDR,,,,130.0,15724
61.0,LAT,1.0,0.0,1.0,2.0,Latvia,22.0,0.0,1886198.0,98.0,41154
,,,,,,Lebanon,,,,112.0,23132
,,,,,,Lesotho,,,,180.0,2553
,,,,,,Liberia,,,,168.0,4001
,,,,,,Libya,,,,91.0,45752
,,,,,,Liechtenstein,,,,157.0,7186
79.0,LTU,0.0,1.0,0.0,1.0,Lithuania,56.0,1.0,2722289.0,81.0,70334
,,,,,,Luxembourg,,,,71.0,82275
,,,,,,Macao SAR China,,,,113.0,21979
,,,,,,Macedonia,42.0,1.0,2078453.0,,
,,,,,,Madagascar,,,,133.0,14955
,,,,,,Malawi,,,,140.0,13165
75.0,MAS,0.0,1.0,1.0,2.0,Malaysia,77.0,2.0,32365999.0,37.0,406306
,,,,,,Maldives,,,,159.0,6190
,,,,,,Mali,,,,123.0,18827
,,,,,,Malta,,,,125.0,17765
,,,,,,Marshall Islands,,,,205.0,280
,,,,,,Mauritania,,,,150.0,10375
,,,,,,Mauritius,,,,141.0,12898
84.0,MEX,0.0,0.0,4.0,4.0,Mexico,87.0,4.0,128932753.0,14.0,1414187
,,,,,,Micronesia Fed Sts.,,,,204.0,427
,,,,,,Moldova,61.0,1.0,4033963.0,136.0,14421
,,,,,,Monaco,,,,153.0,8596
71.0,MGL,0.0,1.0,3.0,4.0,Mongolia,20.0,4.0,3278290.0,128.0,16811
,,,,,,Montenegro,,,,161.0,6096
64.0,MAR,1.0,0.0,0.0,1.0,Morocco,90.0,1.0,36910560.0,60.0,134182
,,,,,,Mozambique,,,,124.0,17851
,,,,,,Myanmar,,,,86.0,59364
81.0,NAM,0.0,1.0,0.0,1.0,Namibia,51.0,1.0,2540905.0,144.0,12607
,,,,,,Nauru,,,,208.0,151
,,,,,,Nepal,,,,99.0,40828
7.0,NED,10.0,12.0,14.0,36.0,Netherlands,9.0,36.0,17134872.0,18.0,991115
,,,,,,New Caledonia,,,,151.0,10071
13.0,NZL,7.0,6.0,7.0,20.0,New Zealand,5.0,18.0,4822233.0,51.0,247234
,,,,,,Nicaragua,,,,131.0,15672
,,,,,,Niger,,,,137.0,13970
76.0,NGR,0.0,1.0,1.0,2.0,Nigeria,92.0,2.0,206139589.0,31.0,477386
80.0,MKD,0.0,1.0,0.0,1.0,North Macedonia,,,,138.0,13563
,,,,,,Northern Mariana Islands,,,,198.0,858
20.0,NOR,4.0,2.0,2.0,8.0,Norway,17.0,8.0,5421241.0,24.0,579267
,,,,,,Oman,,,,64.0,114667
,,,,,,Pakistan,,,,42.0,376533
,,,,,,Palau,,,,207.0,218
,,,,,,Panama,,,,74.0,76523
,,,,,,Papua New Guinea,,,,103.0,30633
,,,,,,Paraguay,,,,97.0,41722
2.0,CHN,38.0,32.0,18.0,88.0,People's Republic of China,,,,,
,,,,,,Peru,,,,52.0,242632
50.0,PHI,1.0,2.0,1.0,4.0,Philippines,84.0,4.0,109581078.0,39.0,404284
17.0,POL,4.0,5.0,5.0,14.0,Poland,55.0,14.0,37846611.0,21.0,688177
57.0,POR,1.0,1.0,2.0,4.0,Portugal,52.0,4.0,10196709.0,50.0,251945
65.0,PUR,1.0,0.0,0.0,1.0,Puerto Rico,60.0,1.0,3474182.0,66.0,113435
41.0,QAT,2.0,0.0,1.0,3.0,Qatar,24.0,3.0,2881053.0,53.0,237296
5.0,ROC,20.0,28.0,23.0,71.0,ROC,,,,,
16.0,KOR,6.0,4.0,10.0,20.0,Republic of Korea,,,,,
92.0,MDA,0.0,0.0,1.0,1.0,Republic of Moldova,,,,,
46.0,ROU,1.0,3.0,0.0,4.0,Romania,63.0,4.0,19237691.0,45.0,301262
,,,,,,Russian Federation,41.0,71.0,144096812.0,8.0,2240422
,,,,,,Rwanda,,,,139.0,13313
,,,,,,Samoa,,,,199.0,832
73.0,SMR,0.0,1.0,2.0,3.0,San Marino,1.0,0.0,33931.0,186.0,1855
78.0,KSA,0.0,1.0,0.0,1.0,Saudi Arabia,88.0,1.0,34813871.0,17.0,1108149
,,,,,,Senegal,,,,109.0,27684
28.0,SRB,3.0,1.0,5.0,9.0,Serbia,25.0,9.0,8737371.0,84.0,63502
,,,,,,Seychelles,,,,190.0,1588
,,,,,,Sierra Leone,,,,169.0,3970
,,,,,,Singapore,,,,34.0,466789
,,,,,,Sint Maarten (Dutch part),,,,191.0,1572
,,,,,,Slovak Republic,,,,62.0,115469
51.0,SVK,1.0,2.0,1.0,4.0,Slovakia,33.0,4.0,5459642.0,,
31.0,SLO,3.0,1.0,1.0,5.0,Slovenia,7.0,5.0,2078938.0,85.0,62118
,,,,,,Solomon Islands,,,,189.0,1596
,,,,,,Somalia,,,,155.0,8126
52.0,RSA,1.0,2.0,0.0,3.0,South Africa,81.0,3.0,59308690.0,38.0,405870
,,,,,,South Korea,53.0,20.0,51269185.0,13.0,1665246
,,,,,,South Sudan,,,,213.0,-
22.0,ESP,3.0,8.0,6.0,17.0,Spain,57.0,17.0,46754778.0,15.0,1397509
,,,,,,Sri Lanka,,,,76.0,74404
,,,,,,St. Kitts and Nevis,,,,196.0,962
,,,,,,St. Lucia,,,,185.0,2065
,,,,,,St. Martin (French part),,,,214.0,-
,,,,,,St. Vincent and the Grenadines,,,,197.0,949
,,,,,,Sudan,,,,88.0,51662
,,,,,,Suriname,,,,171.0,3621
23.0,SWE,3.0,6.0,0.0,9.0,Sweden,27.0,9.0,10099265.0,23.0,585939
24.0,SUI,3.0,4.0,6.0,13.0,Switzerland,16.0,13.0,8654622.0,20.0,807706
,,,,,,Syria,80.0,1.0,18502413.0,,
93.0,SYR,0.0,0.0,1.0,1.0,Syrian Arab Republic,,,,147.0,11159
,,,,,,São Tome and Principe,,,,202.0,547
,,,,,,Taiwan,39.0,12.0,23510000.0,,
,,,,,,Tajikistan,,,,149.0,10492
,,,,,,Tanzania,,,,75.0,75709
62.0,THA,1.0,0.0,1.0,2.0,Thailand,89.0,2.0,69799978.0,30.0,495341
,,,,,,Timor-Leste,,,,175.0,3163
,,,,,,Togo,,,,154.0,8126
,,,,,,Tonga,,,,203.0,469
,,,,,,Trinidad and Tobago,,,,107.0,27899
58.0,TUN,1.0,1.0,0.0,2.0,Tunisia,67.0,2.0,11818619.0,90.0,46665
35.0,TUR,2.0,2.0,9.0,13.0,Turkey,69.0,13.0,84339067.0,,
82.0,TKM,0.0,1.0,0.0,1.0,Turkmenistan,68.0,1.0,6031200.0,92.0,45611
,,,,,,Turks and Caicos Islands ,,,,194.0,1139
,,,,,,Tuvalu,,,,209.0,60
,,,,,,Türkiye,,,,19.0,905988
37.0,UGA,2.0,1.0,1.0,4.0,Uganda,74.0,4.0,45741007.0,93.0,45559
44.0,UKR,1.0,6.0,12.0,19.0,Ukraine,48.0,19.0,43733762.0,59.0,160503
,,,,,,United Arab Emirates,,,,29.0,507535
,,,,,,United Kingdom,,,,6.0,3070668
,,,,,,United States,59.0,113.0,331002651.0,1.0,25462700
1.0,USA,39.0,41.0,33.0,113.0,United States of America,,,,,
,,,,,,Uruguay,,,,79.0,71177
32.0,UZB,3.0,0.0,2.0,5.0,Uzbekistan,70.0,5.0,33469203.0,72.0,80392
,,,,,,Vanuatu,,,,195.0,984
47.0,VEN,1.0,3.0,0.0,4.0,Venezuela,71.0,4.0,31108083.0,,
,,,,,,Venezuela RB,,,,215.0,-
,,,,,,Vietnam,,,,36.0,408802
,,,,,,Virgin Islands (U.S.),,,,167.0,4204
,,,,,,West Bank and Gaza,,,,120.0,19112
,,,,,,Yemen Rep.,,,,216.0,-
,,,,,,Zambia,,,,105.0,29784
,,,,,,Zimbabwe,,,,116.0,20678
,,,,,,,,,,142.0,12897
